{
  "en-US": "English (US)",
  "hi-IN": "हिन्दी",
  "as-IN": "অসমীয়া",
  "bn-IN": "বাংলা",
  "doi-IN": "डोगरी",
  "gu-IN": "ગુજરાતી",
  "kn-IN": "ಕನ್ನಡ",
  "ks-IN": "کأشُر",
  "kok-IN": "कोंकणी",
  "mai-IN": "मैथिली",
  "ml-IN": "മലയാളം",
  "mni-IN": "মণিপুরী",
  "mr-IN": "मराठी",
  "ne-IN": "नेपाली",
  "or-IN": "ଓଡ଼ିଆ",
  "pa-IN": "ਪੰਜਾਬੀ",
  "sa-IN": "संस्कृत",
  "sat-IN": "ᱥᱟᱱᱛᱟᱞᱤ",
  "sd-IN": "सिन्धी",
  "ta-IN": "தமிழ்",
  "te-IN": "తెలుగు",
  "und-bod": "बोड़ो",
  "ur-IN": "اُردُو"
}
